,X_timestamp,beat_hostname,enrichment_branch_name,system_memory_actual_free,system_memory_actual_used_bytes,system_memory_actual_used_pct,system_memory_free,system_memory_swap_free,system_memory_swap_used_bytes,system_memory_swap_used_pct,system_memory_used_bytes,HBOS
0,131252.866,136,17,9.92,5.971,37.57,9.92,8.92,7.971,47.19,5.971,17.54011645586754
1,131343.421,127,15,11.710999999999999,4.18,26.3,11.710999999999999,12.786,4.105,24.3,4.18,17.54011645586754
2,131333.468,186,21,10.38,5.511,34.68,10.38,10.334000000000001,6.557,38.82,5.511,17.54011645586754
3,131237.61,86,10,10.498,5.393,33.94,10.498,12.460999999999999,6.305,33.6,5.393,17.54011645586754
4,131054.601,80,9,10.835,5.056,31.82,10.835,10.55,6.341,37.54,5.056,17.54011645586754
5,131021.957,41,5,11.061,4.83,30.39,11.061,12.808,5.957999999999999,31.75,4.83,17.54011645586754
6,131104.738,76,8,11.122,4.769,30.01,11.122,12.128,4.763,28.2,4.769,17.54011645586754
7,131125.3,28,3,11.33,4.561,28.7,11.33,11.338,5.553,32.87,4.561,17.54011645586754
8,131120.521,172,22,11.415999999999999,4.475,28.16,11.415999999999999,12.513,4.378,25.92,4.475,17.54011645586754
9,131157.659,115,14,11.481,4.41,27.75,11.481,12.095999999999998,4.795,28.39,4.41,17.54011645586754
10,131021.696,179,23,1.179,2.7119999999999997,69.7,1.179,4.064,3.715,47.76,2.7119999999999997,14.155925108204553
11,131328.975,174,22,11.834000000000001,4.0569999999999995,25.53,11.834000000000001,12.952,3.9389999999999996,23.32,4.0569999999999995,13.923232255407262
12,131225.089,60,7,11.915999999999999,3.975,25.01,11.915999999999999,12.874,4.0169999999999995,23.78,3.975,13.876677756002753
13,131310.21,5,1,12.079,3.812,23.99,12.079,12.802,4.0889999999999995,24.21,3.812,12.256052349520779
14,131458.955,161,20,12.071,3.82,24.04,12.071,14.939,3.827,20.39,3.82,10.598950808773541
15,131335.96,71,7,11.962,3.929,24.73,11.962,13.009,3.8819999999999997,22.98,3.929,10.433259032312101
16,131333.441,2,1,12.097999999999999,3.793,23.87,12.097999999999999,12.940999999999999,3.95,23.38,3.793,10.433259032312101
17,131058.728,42,5,12.21,3.681,23.16,12.21,13.187000000000001,3.7039999999999997,21.93,3.681,10.433259032312101
18,131012.2,44,5,12.262,3.6289999999999996,22.84,12.262,13.013,3.878,22.96,3.6289999999999996,10.433259032312101
19,131058.076,114,13,12.43,3.4610000000000003,21.78,12.43,13.485,3.406,20.17,3.4610000000000003,10.433259032312101
20,131201.992,159,20,12.503,3.388,21.32,12.503,13.556,3.335,19.75,3.388,10.433259032312101
21,131125.533,191,21,12.520999999999999,3.37,21.21,12.520999999999999,15.228,3.5380000000000003,18.85,3.37,9.875605177927968
22,131053.966,45,5,12.550999999999998,3.34,21.02,12.550999999999998,13.645,3.2460000000000004,19.22,3.34,9.786753902543746
23,131247.215,31,3,12.507,3.384,21.29,12.507,13.669,3.222,19.08,3.384,9.063408271698174
24,131451.43099999998,103,12,12.556,3.335,20.98,12.556,13.679,3.2119999999999997,19.01,3.335,8.021164862503175
25,131029.28,74,8,12.638,3.253,20.47,12.638,13.378,3.513,20.8,3.253,7.7760958792936465
26,131005.099,126,15,12.675,3.216,20.24,12.675,13.617,3.2739999999999996,19.39,3.216,7.7760958792936465
27,131125.994,77,8,12.591,3.3,20.77,12.591,13.669,3.222,19.07,3.3,7.46279267301381
28,131353.84900000002,117,14,12.88,3.011,18.95,12.88,15.735999999999999,3.03,16.15,3.011,6.641758179439662
29,131311.961,70,7,12.867,3.0239999999999996,19.03,12.867,15.735,3.031,16.15,3.0239999999999996,6.641758179439662
30,131128.199,4,1,12.842,3.049,19.18,12.842,15.694,3.072,16.37,3.049,6.641758179439662
31,131411.37,25,3,12.981,2.91,18.31,12.981,15.747,3.0189999999999997,16.09,2.91,6.573223474029414
32,131220.803,91,11,12.923,2.968,18.68,12.923,15.798,2.968,15.81,2.968,6.4927062258999575
33,131325.793,106,13,12.696,3.195,20.1,12.696,13.677,3.214,19.03,3.195,6.406245118679719
34,131055.616,93,11,12.862,3.029,19.06,12.862,13.932,2.9589999999999996,17.52,3.029,6.3153502994241535
35,131111.607,121,14,12.827,3.0639999999999996,19.28,12.827,13.917,2.9739999999999998,17.61,3.0639999999999996,6.3153502994241535
36,131251.635,29,3,12.790999999999999,3.1,19.51,12.790999999999999,13.84,3.051,18.06,3.1,6.293902568640604
37,131334.245,120,14,12.914000000000001,2.977,18.73,12.914000000000001,13.981,2.91,17.23,2.977,6.290827161565064
38,131228.68,122,14,12.885,3.0060000000000002,18.92,12.885,13.946,2.945,17.43,3.0060000000000002,6.290827161565064
39,131127.065,190,21,12.922,2.969,18.68,12.922,14.0,2.891,17.12,2.969,6.290827161565064
40,131256.145,61,7,12.745999999999999,3.145,19.79,12.745999999999999,13.833,3.0580000000000003,18.11,3.145,6.249677623007486
41,131040.60800000001,180,23,12.954,2.937,18.48,12.954,14.093,2.798,16.57,2.937,6.243480925374054
42,131421.89800000002,98,11,12.925,2.966,18.67,12.925,14.047,2.844,16.84,2.966,6.243480925374054
43,131345.111,185,22,12.995999999999999,2.895,18.22,12.995999999999999,13.988,2.903,17.19,2.895,6.094731266766924
44,131246.926,12,2,12.763,3.128,19.68,12.763,13.708,3.1830000000000003,18.84,3.128,5.930846968684564
45,131200.18300000002,177,23,13.022,2.8689999999999998,18.06,13.022,14.054,2.8369999999999997,16.8,2.8689999999999998,5.919823841188023
46,131404.995,168,22,13.024000000000001,2.867,18.04,13.024000000000001,14.036,2.855,16.9,2.867,5.919823841188023
47,131048.565,46,5,12.623,3.2680000000000002,20.57,12.623,13.704,3.187,18.87,3.2680000000000002,5.908069753834995
48,131320.908,176,23,12.759,3.1319999999999997,19.71,12.759,13.792,3.0989999999999998,18.34,3.1319999999999997,5.908069753834995
49,131159.573,160,20,12.755999999999998,3.135,19.73,12.755999999999998,13.812999999999999,3.0780000000000003,18.23,3.135,5.908069753834995
50,131241.62900000002,26,3,12.706,3.185,20.04,12.706,13.71,3.181,18.83,3.185,5.908069753834995
51,131328.217,130,16,12.700999999999999,3.19,20.07,12.700999999999999,13.692,3.199,18.94,3.19,5.908069753834995
52,131458.274,109,13,12.694,3.197,20.12,12.694,13.706,3.185,18.85,3.197,5.908069753834995
53,131153.245,79,9,12.739,3.1519999999999997,19.83,12.739,13.679,3.2119999999999997,19.02,3.1519999999999997,5.908069753834995
54,131052.81,118,14,13.001,2.89,18.18,13.001,15.907,2.859,15.23,2.89,5.881370750212547
55,131214.355,32,4,13.669,2.222,13.98,13.669,14.663,2.228,13.19,2.222,5.865189128276329
56,131021.04400000001,37,4,13.674000000000001,2.217,13.95,13.674000000000001,14.75,2.141,12.68,2.217,5.865189128276329
57,131324.771,69,7,13.562000000000001,2.329,14.66,13.562000000000001,14.600999999999999,2.29,13.56,2.329,5.865189128276329
58,131203.19400000002,187,21,13.556,2.335,14.69,13.556,14.592,2.299,13.61,2.335,5.865189128276329
59,131132.16,189,21,13.567,2.324,14.63,13.567,14.609000000000002,2.282,13.51,2.324,5.865189128276329
60,131310.725,145,18,13.04,2.8510000000000004,17.94,13.04,15.958,2.8080000000000003,14.96,2.8510000000000004,5.820672909858933
61,131331.228,34,4,13.168,2.7230000000000003,17.14,13.168,14.104000000000001,2.787,16.5,2.7230000000000003,5.743732582132344
62,131427.87900000002,182,23,13.118,2.773,17.45,13.118,14.173,2.718,16.09,2.773,5.5823645798973685
63,131008.05900000001,85,10,13.104000000000001,2.7880000000000003,17.54,13.104000000000001,14.129000000000001,2.762,16.35,2.7880000000000003,5.5823645798973685
64,131126.095,119,14,13.065,2.826,17.79,13.065,14.161,2.73,16.16,2.826,5.5823645798973685
65,131227.546,51,6,13.062999999999999,2.8280000000000003,17.8,13.062999999999999,14.14,2.7510000000000003,16.29,2.8280000000000003,5.5823645798973685
66,131155.156,134,16,13.020999999999999,2.87,18.06,13.020999999999999,16.034000000000002,2.7319999999999998,14.56,2.87,5.497366519483804
67,131405.65300000002,83,9,13.040999999999999,2.85,17.93,13.040999999999999,14.198,2.693,15.94,2.85,5.373533805734778
68,131125.745,139,17,13.15,2.741,17.25,13.15,14.257,2.634,15.59,2.741,5.101100610248967
69,131351.235,33,4,13.593,2.298,14.46,13.593,16.427,2.339,12.46,2.298,5.0326398570568145
70,131220.716,154,19,13.235,2.656,16.71,13.235,16.224,2.542,13.55,2.656,5.017016159683489
71,131342.547,110,13,13.550999999999998,2.34,14.73,13.550999999999998,16.453,2.313,12.32,2.34,4.8397773567621485
72,131213.548,144,18,13.232999999999999,2.658,16.73,13.232999999999999,16.098,2.668,14.22,2.658,4.633623259185692
73,131401.033,7,1,13.173,2.718,17.1,13.173,14.284,2.6069999999999998,15.44,2.718,4.332494677771555
74,131338.185,181,23,13.18,2.7110000000000003,17.06,13.18,14.222999999999999,2.668,15.8,2.7110000000000003,4.311422891669833
75,131315.742,156,20,13.234000000000002,2.657,16.72,13.234000000000002,14.238,2.653,15.71,2.657,4.311422891669833
76,131015.87400000001,149,19,13.274000000000001,2.617,16.47,13.274000000000001,14.302999999999999,2.588,15.32,2.617,4.071090736359465
77,131127.98,22,2,13.203,2.688,16.91,13.203,14.292,2.5989999999999998,15.39,2.688,4.071090736359465
78,131253.369,27,3,13.259,2.6319999999999997,16.56,13.259,14.322000000000001,2.569,15.21,2.6319999999999997,4.071090736359465
79,131451.103,72,8,13.283,2.608,16.41,13.283,14.261,2.63,15.57,2.608,4.071090736359465
80,131421.351,52,6,13.538,2.353,14.81,13.538,14.578,2.313,13.69,2.353,4.04782545963364
81,131030.351,38,4,13.520999999999999,2.37,14.91,13.520999999999999,14.584000000000001,2.307,13.66,2.37,4.04782545963364
82,131402.03,184,21,13.625,2.266,14.26,13.625,14.571,2.32,13.73,2.266,3.875545183593716
83,131402.25400000002,24,2,13.252,2.639,16.61,13.252,14.325,2.5660000000000003,15.19,2.639,3.4070278910189953
84,131241.364,21,2,13.235,2.656,16.72,13.235,14.325999999999999,2.565,15.19,2.656,3.4070278910189953
85,131024.638,36,4,13.253,2.638,16.6,13.253,14.376,2.515,14.89,2.638,3.346330050665381
86,131046.93,82,9,13.498,2.3930000000000002,15.06,13.498,16.41,2.356,12.55,2.3930000000000002,3.323026949979856
87,131210.006,151,19,13.56,2.331,14.67,13.56,14.509,2.3819999999999997,14.1,2.331,3.3223816344089014
88,131137.30800000002,95,11,13.513,2.379,14.97,13.513,16.423,2.343,12.49,2.379,3.215276188414124
89,131154.277,188,7,13.583,2.309,14.53,13.583,14.544,2.347,13.89,2.309,3.1920478659139047
90,131345.521,183,11,13.571,2.32,14.6,13.571,14.540999999999999,2.35,13.92,2.32,3.1920478659139047
91,131441.165,124,15,13.552,2.339,14.72,13.552,14.517000000000001,2.374,14.05,2.339,3.192047865913897
92,131110.104,131,16,13.290999999999999,2.6,16.36,13.290999999999999,14.296,2.595,15.36,2.6,2.985752746204218
93,131258.021,128,16,13.345,2.546,16.02,13.345,16.215999999999998,2.55,13.59,2.546,2.530804156450146
94,131113.932,100,12,13.549000000000001,2.342,14.74,13.549000000000001,14.495999999999999,2.395,14.18,2.342,2.446021816434424
95,131343.28699999998,55,6,13.529000000000002,2.362,14.86,13.529000000000002,14.562000000000001,2.329,13.79,2.362,2.058181514951026
96,131438.704,6,1,13.530999999999999,2.36,14.85,13.530999999999999,14.565,2.326,13.77,2.36,2.058181514951026
97,131106.12,153,19,13.543,2.3480000000000003,14.77,13.543,14.568,2.323,13.76,2.3480000000000003,2.058181514951026
98,131138.188,40,4,13.515999999999998,2.375,14.95,13.515999999999998,14.557,2.334,13.82,2.375,2.058181514951026
99,131313.12699999998,169,22,13.32,2.572,16.18,13.32,14.292,2.5989999999999998,15.38,2.572,1.9553301375486325
100,131407.41199999998,1,1,13.337,2.5540000000000003,16.07,13.337,14.321,2.57,15.21,2.5540000000000003,1.9553301375486325
101,131313.421,97,11,13.304,2.5869999999999997,16.28,13.304,14.425999999999998,2.465,14.6,2.5869999999999997,1.859926011222204
102,131204.094,170,22,13.343,2.548,16.03,13.343,14.322000000000001,2.569,15.21,2.548,1.6068695017291146
103,131351.83800000002,150,19,13.527000000000001,2.364,14.88,13.527000000000001,14.488,2.403,14.23,2.364,1.505017965766212
104,131356.174,90,11,13.504000000000001,2.387,15.02,13.504000000000001,14.472999999999999,2.418,14.31,2.387,1.505017965766212
105,131030.48,107,13,13.456,2.435,15.33,13.456,14.405,2.4859999999999998,14.72,2.435,1.5049923110530996
106,131434.086,175,22,13.488,2.403,15.12,13.488,14.552999999999999,2.338,13.84,2.403,1.4824349588369472
107,131423.119,47,5,13.505999999999998,2.385,15.01,13.505999999999998,14.549000000000001,2.342,13.87,2.385,1.3746841972712152
108,131332.81699999998,104,12,13.398,2.4930000000000003,15.69,13.398,14.475,2.416,14.3,2.4930000000000003,1.3538140179942548
109,131143.544,146,18,13.417,2.474,15.57,13.417,14.504000000000001,2.387,14.13,2.474,1.3538140179942548
110,131321.133,89,10,13.385,2.5069999999999997,15.77,13.385,14.474,2.417,14.31,2.5069999999999997,1.3538140179942548
111,131012.587,132,16,13.390999999999998,2.5,15.73,13.390999999999998,14.479000000000001,2.412,14.28,2.5,1.3538140179942548
112,131138.987,14,2,13.31,2.5810000000000004,16.24,13.31,14.33,2.5610000000000004,15.16,2.5810000000000004,1.2912672922081636
113,131237.089,53,6,13.45,2.441,15.36,13.45,14.525,2.366,14.0,2.441,1.2825123193460914
114,131023.366,125,15,13.46,2.431,15.3,13.46,14.533,2.358,13.96,2.431,1.2825123193460914
115,131208.041,20,2,13.453,2.438,15.34,13.453,14.523,2.3680000000000003,14.02,2.438,1.2825123193460914
116,131124.418,147,18,13.452,2.439,15.35,13.452,14.536,2.355,13.94,2.439,1.2825123193460914
117,131320.622,171,22,13.439,2.452,15.43,13.439,14.520999999999999,2.37,14.03,2.452,1.282512319346084
118,131037.19300000001,101,12,13.475999999999999,2.415,15.2,13.475999999999999,14.47,2.421,14.33,2.415,1.2367548287854044
119,131408.74300000002,3,1,13.308,2.583,16.25,13.308,14.359000000000002,2.532,14.99,2.583,1.2305694518545496
120,131123.334,157,20,13.383,2.508,15.78,13.383,14.366,2.525,14.95,2.508,1.2251237351835373
121,131153.44199999998,173,22,13.332,2.559,16.1,13.332,14.379000000000001,2.512,14.87,2.559,1.2057458681295168
122,131134.406,23,2,13.33,2.5610000000000004,16.12,13.33,14.383,2.508,14.85,2.5610000000000004,1.2057458681295168
123,131107.282,99,12,13.427,2.464,15.5,13.427,14.427999999999999,2.463,14.58,2.464,1.1226538508311372
124,131142.617,116,14,13.390999999999998,2.5,15.73,13.390999999999998,14.415,2.476,14.66,2.5,1.1226538508311372
125,131034.37,68,7,13.386,2.505,15.77,13.386,14.427,2.464,14.59,2.505,1.1226538508311372
126,131050.71699999999,30,3,13.436,2.455,15.45,13.436,14.421,2.47,14.62,2.455,1.1061087988991594
127,131010.114,49,6,13.383,2.508,15.78,13.383,14.35,2.541,15.04,2.508,0.9823339257048647
128,131013.222,108,13,13.467,2.424,15.25,13.467,14.466,2.425,14.35,2.424,0.9587901371900913
129,131051.362,35,4,13.383,2.508,15.78,13.383,14.472999999999999,2.418,14.32,2.508,0.9330019747858982
130,131417.791,155,20,13.344000000000001,2.5469999999999997,16.03,13.344000000000001,14.339,2.552,15.11,2.5469999999999997,0.8821088160350314
131,131251.862,50,6,13.372,2.519,15.85,13.372,14.37,2.522,14.93,2.519,0.860118047432039
132,131337.968,92,11,13.38,2.511,15.8,13.38,14.363,2.528,14.96,2.511,0.860118047432039
133,131126.25699999998,178,23,13.362,2.529,15.92,13.362,14.363,2.528,14.97,2.529,0.860118047432039
134,131213.51,48,6,13.498,2.3930000000000002,15.06,13.498,14.452,2.439,14.44,2.3930000000000002,0.837082195170134
135,131244.264,111,13,13.323,2.568,16.16,13.323,14.408,2.483,14.7,2.568,0.8295034025666187
136,131310.845,96,11,13.328,2.563,16.13,13.328,14.411,2.48,14.68,2.563,0.8295034025666187
137,131255.049,84,9,13.323,2.568,16.16,13.323,14.405999999999999,2.485,14.71,2.568,0.8295034025666187
138,131319.88199999998,54,6,13.354000000000001,2.537,15.96,13.354000000000001,14.392999999999999,2.498,14.79,2.537,0.782358388519237
139,131139.238,138,17,13.472999999999999,2.418,15.22,13.472999999999999,14.460999999999999,2.43,14.39,2.418,0.7449103172450106
140,131240.635,142,18,13.452,2.439,15.35,13.452,14.462,2.4290000000000003,14.38,2.439,0.7449103172450106
141,131048.159,143,18,13.444,2.447,15.4,13.444,14.437000000000001,2.454,14.53,2.447,0.7226339225338627
142,131350.364,75,8,13.373,2.5180000000000002,15.85,13.373,14.472999999999999,2.418,14.32,2.5180000000000002,0.6902121653072257
143,131238.554,113,13,13.421,2.47,15.55,13.421,14.454,2.437,14.43,2.47,0.6858782473981769
144,131349.406,8,1,13.408,2.483,15.63,13.408,14.448,2.443,14.46,2.483,0.6858782473981769
145,131314.27300000002,78,8,13.385,2.506,15.77,13.385,14.439,2.4530000000000003,14.52,2.506,0.6858782473981769
146,131018.034,135,16,13.39,2.501,15.74,13.39,14.446,2.445,14.47,2.501,0.6858782473981769
147,131239.274,87,10,13.437999999999999,2.4530000000000003,15.44,13.437999999999999,14.463,2.428,14.38,2.4530000000000003,0.6693331954661993
148,131458.036,141,17,13.345999999999998,2.545,16.01,13.345999999999998,14.425,2.4659999999999997,14.6,2.545,0.459051998144108
149,131450.149,88,10,13.314,2.577,16.22,13.314,14.447000000000001,2.444,14.47,2.577,0.39272779913365846
150,131123.84900000002,148,18,13.333,2.5580000000000003,16.1,13.333,14.440999999999999,2.45,14.51,2.5580000000000003,0.39272779913365846
151,131444.378,102,12,13.352,2.539,15.98,13.352,14.43,2.461,14.57,2.539,0.2699957619240567
152,131203.035,105,12,13.357000000000001,2.5340000000000003,15.94,13.357000000000001,14.437000000000001,2.454,14.53,2.5340000000000003,0.2699957619240567
153,131445.894,152,19,13.376,2.515,15.83,13.376,14.463,2.428,14.38,2.515,0.23615621465622852
