X_timestamp,beat_hostname,enrichment_branch_name,system_memory_actual_free,system_memory_actual_used_bytes,system_memory_actual_used_pct,system_memory_free,system_memory_swap_free,system_memory_swap_used_bytes,system_memory_swap_used_pct,system_memory_used_bytes
131005.099,126,15,12.675,3.216,20.24,12.675,13.617,3.274,19.39,3.216
131008.059,85,10,13.104,2.788,17.54,13.104,14.129,2.762,16.35,2.788
131010.114,49,6,13.383,2.508,15.78,13.383,14.35,2.541,15.04,2.508
131012.2,44,5,12.262,3.629,22.84,12.262,13.013,3.878,22.96,3.629
131012.587,132,16,13.391,2.5,15.73,13.391,14.479,2.412,14.28,2.5
131013.222,108,13,13.467,2.424,15.25,13.467,14.466,2.425,14.35,2.424
131015.874,149,19,13.274,2.617,16.47,13.274,14.303,2.588,15.32,2.617
131018.034,135,16,13.39,2.501,15.74,13.39,14.446,2.445,14.47,2.501
131021.044,37,4,13.674,2.217,13.95,13.674,14.75,2.141,12.68,2.217
131021.696,179,23,1.179,2.712,69.7,1.179,4.064,3.715,47.76,2.712
131021.957,41,5,11.061,4.83,30.39,11.061,12.808,5.958,31.75,4.83
131023.366,125,15,13.46,2.431,15.3,13.46,14.533,2.358,13.96,2.431
131024.638,36,4,13.253,2.638,16.6,13.253,14.376,2.515,14.89,2.638
131029.28,74,8,12.638,3.253,20.47,12.638,13.378,3.513,20.8,3.253
131030.351,38,4,13.521,2.37,14.91,13.521,14.584,2.307,13.66,2.37
131030.48,107,13,13.456,2.435,15.33,13.456,14.405,2.486,14.72,2.435
131034.37,68,7,13.386,2.505,15.77,13.386,14.427,2.464,14.59,2.505
131037.193,101,12,13.476,2.415,15.2,13.476,14.47,2.421,14.33,2.415
131040.608,180,23,12.954,2.937,18.48,12.954,14.093,2.798,16.57,2.937
131046.93,82,9,13.498,2.393,15.06,13.498,16.41,2.356,12.55,2.393
131048.159,143,18,13.444,2.447,15.4,13.444,14.437,2.454,14.53,2.447
131048.565,46,5,12.623,3.268,20.57,12.623,13.704,3.187,18.87,3.268
131050.717,30,3,13.436,2.455,15.45,13.436,14.421,2.47,14.62,2.455
131051.362,35,4,13.383,2.508,15.78,13.383,14.473,2.418,14.32,2.508
131052.81,118,14,13.001,2.89,18.18,13.001,15.907,2.859,15.23,2.89
131053.966,45,5,12.551,3.34,21.02,12.551,13.645,3.246,19.22,3.34
131054.601,80,9,10.835,5.056,31.82,10.835,10.55,6.341,37.54,5.056
131055.616,93,11,12.862,3.029,19.06,12.862,13.932,2.959,17.52,3.029
131058.076,114,13,12.43,3.461,21.78,12.43,13.485,3.406,20.17,3.461
131058.728,42,5,12.21,3.681,23.16,12.21,13.187,3.704,21.93,3.681
131104.738,76,8,11.122,4.769,30.01,11.122,12.128,4.763,28.2,4.769
131106.12,153,19,13.543,2.348,14.77,13.543,14.568,2.323,13.76,2.348
131107.282,99,12,13.427,2.464,15.5,13.427,14.428,2.463,14.58,2.464
131110.104,131,16,13.291,2.6,16.36,13.291,14.296,2.595,15.36,2.6
131111.607,121,14,12.827,3.064,19.28,12.827,13.917,2.974,17.61,3.064
131113.932,100,12,13.549,2.342,14.74,13.549,14.496,2.395,14.18,2.342
131120.521,172,22,11.416,4.475,28.16,11.416,12.513,4.378,25.92,4.475
131123.334,157,20,13.383,2.508,15.78,13.383,14.366,2.525,14.95,2.508
131123.849,148,18,13.333,2.558,16.1,13.333,14.441,2.45,14.51,2.558
131124.418,147,18,13.452,2.439,15.35,13.452,14.536,2.355,13.94,2.439
131125.3,28,3,11.33,4.561,28.7,11.33,11.338,5.553,32.87,4.561
131125.533,191,21,12.521,3.37,21.21,12.521,15.228,3.538,18.85,3.37
131125.745,139,17,13.15,2.741,17.25,13.15,14.257,2.634,15.59,2.741
131125.994,77,8,12.591,3.3,20.77,12.591,13.669,3.222,19.07,3.3
131126.095,119,14,13.065,2.826,17.79,13.065,14.161,2.73,16.16,2.826
131126.257,178,23,13.362,2.529,15.92,13.362,14.363,2.528,14.97,2.529
131127.065,190,21,12.922,2.969,18.68,12.922,14,2.891,17.12,2.969
131127.98,22,2,13.203,2.688,16.91,13.203,14.292,2.599,15.39,2.688
131128.199,4,1,12.842,3.049,19.18,12.842,15.694,3.072,16.37,3.049
131132.16,189,21,13.567,2.324,14.63,13.567,14.609,2.282,13.51,2.324
131134.406,23,2,13.33,2.561,16.12,13.33,14.383,2.508,14.85,2.561
131137.308,95,11,13.513,2.379,14.97,13.513,16.423,2.343,12.49,2.379
131138.188,40,4,13.516,2.375,14.95,13.516,14.557,2.334,13.82,2.375
131138.987,14,2,13.31,2.581,16.24,13.31,14.33,2.561,15.16,2.581
131139.238,138,17,13.473,2.418,15.22,13.473,14.461,2.43,14.39,2.418
131142.617,116,14,13.391,2.5,15.73,13.391,14.415,2.476,14.66,2.5
131143.544,146,18,13.417,2.474,15.57,13.417,14.504,2.387,14.13,2.474
131153.245,79,9,12.739,3.152,19.83,12.739,13.679,3.212,19.02,3.152
131153.442,173,22,13.332,2.559,16.1,13.332,14.379,2.512,14.87,2.559
131154.277,188,7,13.583,2.309,14.53,13.583,14.544,2.347,13.89,2.309
131155.156,134,16,13.021,2.87,18.06,13.021,16.034,2.732,14.56,2.87
131157.659,115,14,11.481,4.41,27.75,11.481,12.096,4.795,28.39,4.41
131159.573,160,20,12.756,3.135,19.73,12.756,13.813,3.078,18.23,3.135
131200.183,177,23,13.022,2.869,18.06,13.022,14.054,2.837,16.8,2.869
131201.992,159,20,12.503,3.388,21.32,12.503,13.556,3.335,19.75,3.388
131203.035,105,12,13.357,2.534,15.94,13.357,14.437,2.454,14.53,2.534
131203.194,187,21,13.556,2.335,14.69,13.556,14.592,2.299,13.61,2.335
131204.094,170,22,13.343,2.548,16.03,13.343,14.322,2.569,15.21,2.548
131208.041,20,2,13.453,2.438,15.34,13.453,14.523,2.368,14.02,2.438
131210.006,151,19,13.56,2.331,14.67,13.56,14.509,2.382,14.1,2.331
131213.51,48,6,13.498,2.393,15.06,13.498,14.452,2.439,14.44,2.393
131213.548,144,18,13.233,2.658,16.73,13.233,16.098,2.668,14.22,2.658
131214.355,32,4,13.669,2.222,13.98,13.669,14.663,2.228,13.19,2.222
131220.716,154,19,13.235,2.656,16.71,13.235,16.224,2.542,13.55,2.656
131220.803,91,11,12.923,2.968,18.68,12.923,15.798,2.968,15.81,2.968
131225.089,60,7,11.916,3.975,25.01,11.916,12.874,4.017,23.78,3.975
131227.546,51,6,13.063,2.828,17.8,13.063,14.14,2.751,16.29,2.828
131228.68,122,14,12.885,3.006,18.92,12.885,13.946,2.945,17.43,3.006
131237.089,53,6,13.45,2.441,15.36,13.45,14.525,2.366,14,2.441
131237.61,86,10,10.498,5.393,33.94,10.498,12.461,6.305,33.6,5.393
131238.554,113,13,13.421,2.47,15.55,13.421,14.454,2.437,14.43,2.47
131239.274,87,10,13.438,2.453,15.44,13.438,14.463,2.428,14.38,2.453
131240.635,142,18,13.452,2.439,15.35,13.452,14.462,2.429,14.38,2.439
131241.364,21,2,13.235,2.656,16.72,13.235,14.326,2.565,15.19,2.656
131241.629,26,3,12.706,3.185,20.04,12.706,13.71,3.181,18.83,3.185
131244.264,111,13,13.323,2.568,16.16,13.323,14.408,2.483,14.7,2.568
131246.926,12,2,12.763,3.128,19.68,12.763,13.708,3.183,18.84,3.128
131247.215,31,3,12.507,3.384,21.29,12.507,13.669,3.222,19.08,3.384
131251.635,29,3,12.791,3.1,19.51,12.791,13.84,3.051,18.06,3.1
131251.862,50,6,13.372,2.519,15.85,13.372,14.37,2.522,14.93,2.519
131252.866,136,17,9.92,5.971,37.57,9.92,8.92,7.971,47.19,5.971
131253.369,27,3,13.259,2.632,16.56,13.259,14.322,2.569,15.21,2.632
131255.049,84,9,13.323,2.568,16.16,13.323,14.406,2.485,14.71,2.568
131256.145,61,7,12.746,3.145,19.79,12.746,13.833,3.058,18.11,3.145
131258.021,128,16,13.345,2.546,16.02,13.345,16.216,2.55,13.59,2.546
131310.21,5,1,12.079,3.812,23.99,12.079,12.802,4.089,24.21,3.812
131310.725,145,18,13.04,2.851,17.94,13.04,15.958,2.808,14.96,2.851
131310.845,96,11,13.328,2.563,16.13,13.328,14.411,2.48,14.68,2.563
131311.961,70,7,12.867,3.024,19.03,12.867,15.735,3.031,16.15,3.024
131313.127,169,22,13.32,2.572,16.18,13.32,14.292,2.599,15.38,2.572
131313.421,97,11,13.304,2.587,16.28,13.304,14.426,2.465,14.6,2.587
131314.273,78,8,13.385,2.506,15.77,13.385,14.439,2.453,14.52,2.506
131315.742,156,20,13.234,2.657,16.72,13.234,14.238,2.653,15.71,2.657
131319.882,54,6,13.354,2.537,15.96,13.354,14.393,2.498,14.79,2.537
131320.622,171,22,13.439,2.452,15.43,13.439,14.521,2.37,14.03,2.452
131320.908,176,23,12.759,3.132,19.71,12.759,13.792,3.099,18.34,3.132
131321.133,89,10,13.385,2.507,15.77,13.385,14.474,2.417,14.31,2.507
131324.771,69,7,13.562,2.329,14.66,13.562,14.601,2.29,13.56,2.329
131325.793,106,13,12.696,3.195,20.1,12.696,13.677,3.214,19.03,3.195
131328.217,130,16,12.701,3.19,20.07,12.701,13.692,3.199,18.94,3.19
131328.975,174,22,11.834,4.057,25.53,11.834,12.952,3.939,23.32,4.057
131331.228,34,4,13.168,2.723,17.14,13.168,14.104,2.787,16.5,2.723
131332.817,104,12,13.398,2.493,15.69,13.398,14.475,2.416,14.3,2.493
131333.441,2,1,12.098,3.793,23.87,12.098,12.941,3.95,23.38,3.793
131333.468,186,21,10.38,5.511,34.68,10.38,10.334,6.557,38.82,5.511
131334.245,120,14,12.914,2.977,18.73,12.914,13.981,2.91,17.23,2.977
131335.96,71,7,11.962,3.929,24.73,11.962,13.009,3.882,22.98,3.929
131337.968,92,11,13.38,2.511,15.8,13.38,14.363,2.528,14.96,2.511
131338.185,181,23,13.18,2.711,17.06,13.18,14.223,2.668,15.8,2.711
131342.547,110,13,13.551,2.34,14.73,13.551,16.453,2.313,12.32,2.34
131343.287,55,6,13.529,2.362,14.86,13.529,14.562,2.329,13.79,2.362
131343.421,127,15,11.711,4.18,26.3,11.711,12.786,4.105,24.3,4.18
131345.111,185,22,12.996,2.895,18.22,12.996,13.988,2.903,17.19,2.895
131345.521,183,11,13.571,2.32,14.6,13.571,14.541,2.35,13.92,2.32
131349.406,8,1,13.408,2.483,15.63,13.408,14.448,2.443,14.46,2.483
131350.364,75,8,13.373,2.518,15.85,13.373,14.473,2.418,14.32,2.518
131351.235,33,4,13.593,2.298,14.46,13.593,16.427,2.339,12.46,2.298
131351.838,150,19,13.527,2.364,14.88,13.527,14.488,2.403,14.23,2.364
131353.849,117,14,12.88,3.011,18.95,12.88,15.736,3.03,16.15,3.011
131356.174,90,11,13.504,2.387,15.02,13.504,14.473,2.418,14.31,2.387
131401.033,7,1,13.173,2.718,17.1,13.173,14.284,2.607,15.44,2.718
131402.03,184,21,13.625,2.266,14.26,13.625,14.571,2.32,13.73,2.266
131402.254,24,2,13.252,2.639,16.61,13.252,14.325,2.566,15.19,2.639
131404.995,168,22,13.024,2.867,18.04,13.024,14.036,2.855,16.9,2.867
131405.653,83,9,13.041,2.85,17.93,13.041,14.198,2.693,15.94,2.85
131407.412,1,1,13.337,2.554,16.07,13.337,14.321,2.57,15.21,2.554
131408.743,3,1,13.308,2.583,16.25,13.308,14.359,2.532,14.99,2.583
131411.37,25,3,12.981,2.91,18.31,12.981,15.747,3.019,16.09,2.91
131417.791,155,20,13.344,2.547,16.03,13.344,14.339,2.552,15.11,2.547
131421.351,52,6,13.538,2.353,14.81,13.538,14.578,2.313,13.69,2.353
131421.898,98,11,12.925,2.966,18.67,12.925,14.047,2.844,16.84,2.966
131423.119,47,5,13.506,2.385,15.01,13.506,14.549,2.342,13.87,2.385
131427.879,182,23,13.118,2.773,17.45,13.118,14.173,2.718,16.09,2.773
131434.086,175,22,13.488,2.403,15.12,13.488,14.553,2.338,13.84,2.403
131438.704,6,1,13.531,2.36,14.85,13.531,14.565,2.326,13.77,2.36
131441.165,124,15,13.552,2.339,14.72,13.552,14.517,2.374,14.05,2.339
131444.378,102,12,13.352,2.539,15.98,13.352,14.43,2.461,14.57,2.539
131445.894,152,19,13.376,2.515,15.83,13.376,14.463,2.428,14.38,2.515
131450.149,88,10,13.314,2.577,16.22,13.314,14.447,2.444,14.47,2.577
131451.103,72,8,13.283,2.608,16.41,13.283,14.261,2.63,15.57,2.608
131451.431,103,12,12.556,3.335,20.98,12.556,13.679,3.212,19.01,3.335
131458.036,141,17,13.346,2.545,16.01,13.346,14.425,2.466,14.6,2.545
131458.274,109,13,12.694,3.197,20.12,12.694,13.706,3.185,18.85,3.197
131458.955,161,20,12.071,3.82,24.04,12.071,14.939,3.827,20.39,3.82
